No.,在籍状況(入社3年以内),世代,性別,信頼係数,思索型：内閉性,思索型：客観性,活動型：身体性,活動型：気分性,努力型：持続性,努力型：規則性,積極型：競争性,積極型：自尊心,自制型：慎重性,自制型：弱気さ,日常周辺事型,客観・科学型,社会・経済型,心理・情緒型,審美・芸術型,積極性,協調性,責任感,自己信頼性,指導性,共感性,感情安定性,従順性,自主性,ﾓﾗﾄﾘｱﾑ傾向,達成欲求,親和欲求,求知欲求,顕示欲求,秩序欲求,物質的欲望,危機耐性,自律欲求,支配欲求,勤労意欲,自己：積極実行,自己：意欲熱意,自己：根気強さ,自己：責任感,自己：決断勇気,自己：指導力,自己：リーダー,自己：自己信頼,自己：調整力,自己：折衝力,自己：独創斬新,自己：現状分析,自己：洞察力,自己：企画立案,自己：専門知識,自己：情報活用,定着・安定,判定結果,ﾊﾟｰｿﾅﾘﾃｨｽｹｯﾁ,一般的,精神力,足　腰,集中力,標準化,適性の幅,対人ストレス耐性,目標ストレス耐性,繁忙ストレス耐性,拘束ストレス耐性,総合ストレス耐性,適合度
1,在職,２０〜２５才,女,100,71,67,23,24,63,55,50,37,85,74,40,57,46,40,58,33,26,66,47,34,25,65,50,54,59,52,33,30,38,68,54,50,59,34,27,100,100,80,80,80,20,20,80,20,40,60,100,80,60,40,100,12,Ｃ,過信せず、見通しがつくまで動かない慎重さがこの人の本質である。思いやりがあり、自分をおさえる良さがあるが、問題がおこると自罰的傾向をとり、くよくよと取り越し苦労する面も。気弱で引っ込み思案の人である。自分に自信がなく、快活な面がみられない。神経が細かく過敏な性格で、人前では緊張してかたくなりがちである。余裕がなくなると、多少不安定な行動をとる可能性もでる。一般的にはまじめで一途な人が多いが、柔軟性に欠けおおらかさがない。,56,34,30,72,43,39,29,48,47,53,55,0
2,在職,２０〜２５才,女,70,48,42,46,59,36,44,35,61,42,42,40,53,34,49,58,49,52,36,44,47,55,41,52,42,44,45,48,51,52,35,50,34,46,49,47,60,80,40,80,40,60,80,40,40,40,40,40,20,60,20,20,-13,Ｅ,感情の表現は豊かであり、喜怒哀楽が激しいほうである。よくいえば、失敗したりいやなことがあっても、気分転換が早く回復力があるといえる。ぎすぎすした人間関係に陥るのを避けるためか、むき出しの競争心はなく、人には寛容で協調していたいと望んでいる。しかし、それは表面上にすぎず、本来は自分を評価してもらうことで自尊心を満たそうとする。プライドを傷つけられないように注意をしているためか、おだてに弱く、褒められると調子に乗ってしまう。また、気分に周期性があり、カンの鋭さや行動力などは、日によって左右される。元気に張り切っていたかと思えば、一人静かにちんまりしている時もある。そして、いろいろな事に関心がむくせいか、何かに夢中になって熱中していたかと思えば、あきてしまったり、自分自身で納得がいったりすると簡単に放り出してしまう。持ち味の瞬発力をいかすには、長期的な計画よりも短期的なほうが無難といえる。甘えんぼうであり、皆から親しまれるが、未熟なパーソナリティーだといえる。,31,22,26,23,33,21,53,43,42,50,43,0
3,在職,２０〜２５才,女,64,38,38,51,47,59,51,50,50,57,51,43,37,30,58,78,55,65,51,50,59,59,45,52,50,47,52,44,45,63,41,54,53,42,56,64,80,80,100,80,60,100,80,80,80,80,80,60,60,60,20,80,3,Ｃ,単調な作業であっても、飽きずに長時間こなせる持続性がある。努力と忍耐をもって、目標に向かっていくといった傾向がある。一事に没頭する徹底性がみられ、人からはそれがしつこいと思われることもあるほどで、夢中になると他のことには目がいかなくなるところがある。几帳面だが、ガンコで堅物との印象もあり、社会の秩序を乱す行動は慎み、通俗的な道徳観の持ち主で、物事の判断もそれに沿ったものになる。とはいえ、規則やしきたりにこだわりすぎるというわけではなく、いつも普通の人でありたいと思う願望が常識的な行動をとらせている。また、状況を鵜呑みにせず、先が見えるまでアクションを起こさないという慎重さも本質のひとつである。感情を抑え、落ち着いた雰囲気で信頼される。しかし、問題が起こったりすると、小さなミスでもいつまでも気にかけたり、他の人はとっくに忘れてしまうような失敗を、いつまでも忘れられず悩んだりするところもある。できることだけを小さくまとめるため、思いきった積極的な行動はしない。,57,45,50,46,57,50,58,55,53,50,50,0
4,退職,２０〜２５才,男,54,58,47,54,50,48,58,50,45,65,74,50,60,57,46,36,43,35,46,14,44,25,27,52,50,51,55,41,62,43,50,50,27,42,49,52,80,80,80,80,80,100,80,40,60,60,60,100,80,80,60,40,-3,Ｄ,過信せず、見通しがつくまで動かない慎重さがこの人の本質である。思いやりがあり、自分をおさえる良さがあるが、問題がおこると自罰的傾向をとり、くよくよと取り越し苦労する面も。気弱で引っ込み思案の人である。自分に自信がなく、快活な面がみられない。神経が細かく過敏な性格で、人前では緊張してかたくなりがちである。余裕がなくなると、多少不安定な行動をとる可能性もでる。一般的にはまじめで一途な人が多いが、柔軟性に欠けおおらかさがない。,51,33,37,49,39,36,39,40,38,53,33,0
5,在職,２０〜２５才,男,52,54,63,49,38,48,55,55,37,50,42,29,57,30,52,62,57,52,55,76,59,47,74,52,44,50,49,51,57,65,47,50,68,42,49,54,60,20,40,40,40,60,60,40,60,60,40,60,40,40,100,40,10,Ｃ,物事の把握のしかたは常に客観的であり、自分自身について深く内省している。内面ではいろいろな世界を繰りひろげており、思慮的な言葉が自然にでてきたりする。新しい環境には、慣れるまで時間がかかるのだが、馴染もうとする順応性はある。交友関係においても同様のことがいえ、心を許せる友人とは深い付き合いを形成している。社会性をそなえていて、ときとして非常にユニークな発想をし、豊かな内面があることを連想させる。また、生活は地道に堅く送っていくというのを信条としている。何事に対してもマメなほうで、コツコツと丹念に取り組もうとする。しかし、一時に没頭しすぎて頑固なまでに執着するようなところがある。派手さはなく目立つということはあまりないのだが、社会通念、規則やきまりを大切にし、几帳面で安定感がある。それは、柔軟性に欠けているともいえるが、大きな失敗をしないということの評価はできる。どちらかというと、自分らしさを主張するより、社会が自分をどう見ているかのほうを気にしたりする。,49,53,51,56,48,62,46,62,57,56,66,0
6,退職,２０〜２５才,女,100,89,59,16,20,82,44,59,18,90,83,43,47,34,58,58,36,22,76,31,50,10,53,26,82,62,68,25,45,48,64,54,61,70,45,33,100,100,100,100,20,20,20,100,100,20,100,20,100,100,20,20,16,Ｃ,過信せず、見通しがつくまで動かない慎重さが本質といえる。思いやりがあり、自分を抑える良さもあるが、問題が起こると自罰的傾向をとり、クヨクヨと取り越し苦労をする傾向がある。どちらかといえば、気弱で引っ込み思案の人である。神経が細かく過敏な性格で、人前にでると緊張し堅くなり、余裕がなくなると多少不安定な行動をとる可能性もある。できるだけ目立たず、隅のほうにいたいという感じで、自信をもった行動力が不足している。一般的には真面目で、一途な人に多くみられるが、ときに、その真面目さが、柔軟性に欠けていると人から見られる。そして、他人との交友関係なども進んでもつほうではなく、関心分野以外のことになると、かかわらないように殻に閉じこもろうとする。よくいえば、自分の内面的な世界の中で審美的な生き方をしているともとれる。ものの見方は客観的で的確に把握しようとする。人情に溺れることなく一歩距離をおいて接するため、冷たい印象を与えることもあるが自分自身については深く内省している。,51,42,42,61,36,50,21,53,54,42,52,0
7,退職,２０〜２５才,女,42,58,67,54,63,48,55,59,53,73,46,36,43,30,65,62,55,56,46,63,53,50,57,50,59,62,68,51,60,65,58,68,57,63,49,57,100,100,80,100,100,80,80,60,60,40,40,20,40,100,60,40,-5,Ｂ,あくまでも先が見えるまで動かず、容易な決断はしないような慎重さが身上といえる。自分の感情を抑え、人にもやさしいといえるが、問題が起こると自罰的になったり、過去の失敗をいつまでも悩んだりする傾向がみられる。また、何をやらせても着実で手堅い人である。慎重すぎるせいか、発想は着実であり非常にユニークなアイデアや意見をもっているが、大胆な行動などはあまりとらないため、できることだけを小さくまとめて控えめに表現することがある。遠慮がちであり、もう少し視野を広げ、図太さなどがそなわると良い特性が引き出せる。また、どちらかといえば、たくさんの人が集まるところでは、自分から積極的に話しかける社交家ではないが、社会へ関心はあり、情報を収集するアンテナはしっかりと張りめぐらせている。物事を客観的にとらえようとする傾向がつよく、キチンと把握しようとする姿勢がみられる。あまり人情的にのめりこまないため冷たい印象を与えがちだが、豊かな内面性の持ち主で、自分自身を深く内省している。,52,74,70,68,49,67,46,57,52,45,50,0
8,退職,２０〜２５才,女,41,68,55,46,33,36,44,44,37,61,71,52,57,38,43,41,36,40,46,38,41,25,41,43,50,57,55,18,51,48,50,54,27,46,41,47,80,80,60,100,60,100,60,60,60,80,80,80,60,80,40,100,-6,Ｅ,過信せず、見通しがつくまで動かない慎重さが本質といえる。思いやりがあり、自分を抑える良さもあるが、問題が起こると自罰的傾向をとり、クヨクヨと取り越し苦労をする傾向がある。どちらかといえば、気弱で引っ込み思案の人である。神経が細かく過敏な性格で、人前にでると緊張し堅くなり、余裕がなくなると多少不安定な行動をとる可能性もある。できるだけ目立たず、隅のほうにいたいという感じで、自信をもった行動力が不足している。一般的には真面目で、一途な人に多くみられるが、ときに、その真面目さが、柔軟性に欠けていると人から見られる。そして、他人との交友関係なども進んでもつほうではなく、関心分野以外のことになると、かかわらないように殻に閉じこもろうとする。よくいえば、自分の内面的な世界の中で審美的な生き方をしているともとれる。ものの見方は客観的で的確に把握しようとする。人情に溺れることなく一歩距離をおいて接するため、冷たい印象を与えることもあるが自分自身については深く内省している。,34,22,29,43,30,31,32,47,34,53,43,0
9,在職,２０〜２５才,男,53,48,38,51,59,42,28,50,50,65,57,47,50,50,61,46,46,40,42,41,50,52,36,32,57,51,52,48,54,50,31,57,48,46,49,44,80,100,60,60,100,100,80,80,100,100,80,100,100,40,20,100,-5,Ｄ,何事も慎重に行動する人で、周囲に対する思いやりがあり、自分の感情を抑えるよさがある。ただトラブルが起こると、責任を一人で感じて困惑し、いつまでもクヨクヨとする。失敗に対して、必要以上の不安があるためか、できることだけを小さくまとめてしまう傾向もある。控えめな性格で、思い切った行動に移れないことも多い。感情をあまり表に出さず、言動が積極的でないなど、遠慮がちであるが病的な暗さはなく慎重さは評価できる。しかし、本音がわかりずらいため、他人につかみどころがないという印象を与えてしまう。また、気分屋であり、思い付きは早いが、行動に移すに際してはテキパキと身軽に動きまわるというほどではなく、やや尻の重たさがみられる。気立てはよくお人好しだが、自分から物事を見つけて実行するといった積極性にやや欠けていて、物事を地道に長続きさせようとする心掛けはあまりない。また、調子に乗れば何事も早いが、気分にムラがあり、元気だったと思えば、ちんまりと落ち込んでいるようなときもある。,36,34,45,29,35,29,50,46,44,46,43,0
10,在職,２０〜２５才,男,80,71,63,20,59,33,55,41,58,61,42,40,57,46,55,41,44,48,32,63,44,63,57,55,30,59,43,73,54,36,52,50,44,35,45,27,20,100,20,20,60,80,60,20,60,60,60,60,60,80,40,60,-3,Ｄ,自分の世界を大事にして、外界のことに興味がうすい。他人と接触することが面倒であり、交友関係なども進んで持とうとはしない。審美的な生きかたをしていて、自分の信じる価値観のなかで生活している。交友関係は狭いが、つきあいはじめれば深くなる。自分もふくめて環境をあるがままに客観的にとらえようとする傾向がつよく、ものごとをキチンと把握しようとする。人情的にのめりこまず、冷たい印象を他人に与えることがあるが、自分自身について深く内省しているといえ、豊かな内面性をもつ。,51,35,37,45,50,31,50,42,42,57,49,0
11,退職,２０〜２５才,男,100,35,76,71,50,75,44,59,53,47,42,40,47,30,40,83,71,70,42,67,66,81,53,29,59,57,71,65,60,68,44,77,72,56,64,78,100,100,100,80,100,100,100,60,100,100,80,100,60,100,20,60,4,Ｂ,社会性をそなえていて他人への配慮もみられる。発想は着実でありながら、非常にセンスのよい意見をもっている。また、物事をあるがままに客観的にとらえ、キチンと把握することができる。非常に豊かな内面性をもっているが、周囲の状況に左右されないところがあるため、おっとりしているとか、逆に抜け目がないなどの印象を与えることがある。そして、何事にも真面目で、丹念に取り組むことができ、節度ある常識人という感じでも見られる。努力家であり、手掛けたことはいつまでも大事にし、時間をかけてでも自分に納得のいくまでかかわっていこうとする。難題にぶつかっても、あっさりとあきらめたり放り出したりすることは少なく、とりあえず現状の方法で努力し、違うとなれば次の手段を考えて、もう一度取りかかったりする。派手さはないが安定感があるといえる。自分自身についても深く内省していて、含蓄のある言葉が自然に出たりもする。知識や経験の豊富さにもよるが、参謀的な登用をすれば、組織にも当人にも有益であろう。,46,69,71,53,48,74,61,67,63,39,57,0
12,退職,２０〜２５才,女,34,65,42,33,47,50,58,38,53,47,39,62,47,50,43,46,46,44,46,56,44,47,45,62,33,41,49,37,36,36,55,57,53,35,38,42,60,40,80,80,80,80,60,80,40,60,20,60,80,80,20,60,3,Ｄ,周囲に距離を置いて眺めようとする性格で、観察が客観的であり、私情を交えない判断方法は、あまり間違いを生じることがない。このため大きな失敗をしないことが、ひとつの取り柄といえる。どちらかというと内閉的であり、あまり自分から進んで人との接触をもとめたりはしない。もともと、自分以外の外側のことについて関心がうすいのだが、かわりに自分自身をよく理解していて豊かな内面性を持っている。また、規則やきまりを大切にし、何事においても真面目なところがある。手掛け始めたことは長続きさせる努力性が認められ、丹念に取り組んでいくような物事に向いている。生活や行動において極端な派手さはなく、あまり目立つようなことは得意としない。しかし、一つのことにあくまでも固執しすぎて、しつこさとしてうつることもある。世間のきまりや常識を大切にするあまり、融通がきかない、堅物との印象を他人に与えてしまうことがある。また、自分らしさを主張するより、社会が自分をどう見ているかのほうを気にかけている。,52,31,35,49,52,26,44,48,51,60,53,0
13,在職,２０〜２５才,女,66,48,76,51,54,48,36,74,71,47,37,47,57,38,46,53,55,56,42,70,69,47,49,29,73,38,64,44,66,68,25,61,53,78,72,61,80,100,100,80,100,80,80,60,60,60,60,60,80,80,20,60,-10,Ｃ,自分の内面的世界で独自な価値観を形成し、自分自身を深く見つめていて、発想やアイデアにはセンスのよさを感じさせる。また、たくさんの交友関係を望んでいるわけではないが、気の合う友人とは深い付き合いをしていて、他人など周囲への配慮もみられるという社会性をそなえている。そして、冷静かつ的確な判断をしようとしていて、客観的なものの見方をしている。ときに、その客観的すぎる判断や意見について、冷たいとの印象を他人に与えてしまうことがあるが、そこに他人を見下したり冷笑するような発言がない限り、おおきな障害になることはない。物事の取り組み方は、内容と結果を検討しながら、加えて他人と比較しながら、自分が評価されることが重要と考えることがある。多少、勝気な性格といえ、他人と競合するような場面では実力以上の結果を生み出すことがある。精神的には独立していて、他人に依存したり、押しつけがましさは好むところではない。思いあがった独善性もなく対外的には頼りになるが、他罰的傾向もみられる。,32,62,57,50,39,66,44,60,52,27,56,0
14,在職,２０〜２５才,男,79,48,76,61,59,39,40,55,61,50,37,36,60,46,49,58,62,48,46,63,56,43,57,36,65,54,68,41,68,68,35,50,65,59,60,64,80,100,100,100,80,60,40,100,60,100,80,80,80,100,40,60,-8,Ｃ,初対面の人に対しては、まず相手の様子をうかがい、考え方や価値観が合えばそれなりに突っ込んだ話をすることができる。社会への関心はあり、世間に対する配慮もみられる。豊かな内面性をもっていて、発想は着実でありながら、時として非常にユニークなアイデアを提示する。そして、自分も含めて、環境をあるがままに客観的にとらえる傾向が強く、物事をキチンと把握する。客観的かつ冷静な発言をするので、冷たいという印象を他人に与えてしまうことがあるが、心の中には、人情もろくてお人好しな面を持ちそなえている。また、聞き上手な面があり、情報を広くつかもうとする。そうした一方では、思いたったことは素早く実行に移すという行動力もある。行動的な部分は、あまり複雑に考えずにとりあえず実行してみるといった感じだが、これも軽薄というのではなく、それなりに状況をつかみながらのことである。環境への変化にも容易についていけ適応力もある。頭のよさがあり、慎重性をともなえばよいリーダーになりうる存在である。,27,69,56,52,37,70,41,61,55,38,54,0
15,退職,２０才未満,男,62,45,38,58,54,50,63,38,37,69,74,50,40,38,52,66,30,40,61,17,32,43,36,62,33,62,49,33,45,36,50,47,42,27,34,44,20,80,80,60,60,60,100,20,20,20,20,20,20,20,20,20,4,Ｄ,過信せず、見通しがつくまで動かない慎重さがこの人の本質である。思いやりがあり、自分をおさえる良さがあるが、問題がおこると自罰的傾向をとり、くよくよと取り越し苦労する面も。気弱で引っ込み思案の人である。自分に自信がなく、快活な面がみられない。神経が細かく過敏な性格で、人前では緊張してかたくなりがちである。余裕がなくなると、多少不安定な行動をとる可能性もでる。一般的にはまじめで一途な人が多いが、柔軟性に欠けおおらかさがない。,53,23,35,45,46,26,46,39,41,66,35,0
16,在職,２０〜２５才,女,61,48,38,54,42,63,55,50,37,65,54,56,50,38,52,53,46,44,61,44,50,43,53,52,50,50,71,41,50,60,50,54,57,39,45,61,80,80,100,80,60,80,60,60,80,80,40,60,60,80,20,40,11,Ｃ,他の人がなんと言おうと自分で確信がもてるまで、決して行動には移さない慎重なところがある。軽はずみな行動は少なく、落ち着いた雰囲気と信頼感がある。また、努力を信条とし、何事も丹念に取り組んでいこうとする。出だしはそれほどでもないが、いつまでも持続させることができる。生活ぶりもキチンとしていて、物事は計画書を書いて実行するようなマメな人である。しかし、あくまでも一つのことに執着する頑固さではなく融通性も持っている。それほど規則や秩序を気にするわけでなく、状況に応じた判断ができる。世間の常識はわきまえていても、四角四面で固定的なものでなく、よき社会人として模範的な見方をされる。しかし、慎重であるがゆえ、問題が起こると必要以上に自分を責めることがある。その後は二度と同じ失敗をしないように考えすぎて、行動は控えめになることがある。もう少し、図太さがあり積極的にうってでるところがあると安心して見ていられるリーダーになる。しかし、手堅さや慎重さなど評価できる部分は多い。,56,49,56,54,57,52,48,58,54,56,52,0
17,在職,２０〜２５才,女,91,48,47,51,59,42,28,61,50,47,51,52,40,42,40,70,52,48,36,56,59,52,45,43,59,50,60,41,68,57,28,57,53,52,56,54,60,80,60,40,60,80,100,40,80,60,60,80,80,40,40,60,-8,Ｄ,積極性があり、外向的な性格の人。気長に単調な作業を続けていくことは苦手である。難問にぶつかったりすると、それまでのやり方をすぐにあきらめ、次の方法を検討し対処しようとする。わりと負けず嫌いで、ライバルがいたりすると余計に頑張ってしまう傾向がある。規則や秩序など、世間の常識や社会通念はそれほど執着しているわけではなく、発想も固定的なものばかりではない。ときに突発的であり、非常にユニークな発言をし、周囲を驚かせることがある。また、思い付きは早いが、それを実行に移すとなるとテキパキと身軽に動きまわるというほどではない。そして、気分屋なところがあり、何事に対しても、その日の気持ちや感情によっていろいろと左右される。調子に乗れば何事も迅速であり、大勢の前でも自分の意見を堂々と発言したりするなど、気力、体力ともに満ちあふれて充実しているが、気が向かないと何も行動を起こさず、一人ちんまりしていることがある。人間的には温かく人なつこい性格で、皆から親しまれる人柄である。,26,45,47,36,29,42,49,53,46,45,49,0
18,在職,２０〜２５才,女,100,45,59,58,50,63,24,59,37,57,46,40,47,26,49,87,66,79,61,59,72,70,57,50,57,51,68,65,71,65,35,68,79,52,72,75,80,100,100,80,60,100,100,40,80,60,60,60,60,60,20,60,12,Ａ,どちらかといえば、性格的な派手さはなく地味なほうだといえる。一度はじめたことは時間がかかっても途中で投げ出すことはなく、持続させていくことができる。努力を信条としていて、自分が納得いくまで取り組まないと気がすまない性分であり、何事も徹底的に追求しようとする。そして、自分なりに確たる信念や社会通念を持っているのだが、規則や秩序に対して頑固にこだわるというほどではない。発想は堅苦しいものばかりではなく、ユニークさも持ちあわせていて、独自の価値観のもとで自発的、自主的な組立をして考え判断する。また、思い立ったらすぐ実行に移すという身軽さより、物事は自分の納得がいくまでじっくりと考えてから行動する。決して自己の世界に閉じこもり暗いという印象はなく、社会性も持ちあわせている。交友関係もほどほどにあり、考え方も現実的で自分なりに社会的アンテナも張っている。自分を深く内省していて、豊かな内面性をもっている。そして、客観的なものの見方ができ、正確に状況を把握しようとする。,61,74,73,63,60,84,62,66,64,46,58,0
19,在職,２０〜２５才,男,42,71,42,33,47,30,40,65,61,38,59,50,50,26,52,53,44,35,21,41,56,25,45,39,59,57,55,37,54,46,25,43,34,56,45,44,40,80,20,60,80,60,20,20,20,20,20,80,60,40,20,20,-20,Ｅ,自己の世界を繰りひろげることに強い関心があり、周囲のことに対してあまり興味がなくなってしまうといったことがある。交友関係も自ら進んで持とうとはしない。どちらかといえば、行動的というよりも、一人静かに落ち着いているほうを好んでいるのだが、にぎやかな場所や人混みに拒絶的というほどでもない。タテマエか本音かがハッキリと区別がつかないため、少しわかりづらいという印象を他人に与えることもあるが、自己の内面のなかで美的な生き方をしているといえる。物事の判断は客観的にみようとする傾向よりも、主観的に判断することの方が多いのだが、それは、場の雰囲気や感情に左右されるような人間臭さともいえる。また、他人の言葉や行動などを気にすることがあり、自分と他人を比較してしまう傾向がある。一方では、積極的に物事に取り組み、たとえ困難に遭遇しても他に働きかけ、解決しようとする面もある。精神的には独立していて、他に依存することを嫌う。また、他人からの押し付けがましさは、あまり望んでいない。,23,26,29,30,17,29,36,45,34,43,43,0
20,在職,２０〜２５才,男,94,78,38,20,59,33,66,48,58,53,80,56,47,46,40,53,36,44,32,24,34,47,32,69,39,67,39,54,47,46,52,77,19,39,41,30,20,80,20,80,20,60,60,20,60,20,60,20,20,20,60,60,-19,Ｅ,大勢の人が集まるところでは、自分に自信がないせいか、快活に振る舞うことを苦手とする。神経が細かく過敏な性格で、人前では緊張して堅くなりがちである。また、余裕がなくなると不安定な行動をとる可能性がある。一般的には真面目で一途な人に多いが、斬新さや柔軟性に欠け、おおらかさが不足している。常に失敗に対する不安感があるため、これを克服しようとして自分の能力以上に計画をたて、慢性的なイライラ状態になっている感じである。一度、じっくりと自分と向かい合って、その原因をつきとめないとチャランポランさはなくならない。また、自分の殻にこもり、外界に興味をあまりしめさない。他人との接触も煩わしく感じ、交友関係も進んで持とうとしない傾向がある。それよりも空想にでもふけながら、自己の内面世界で遊んでいるほうが幸せを感じている。言いかえれば、美的な生き方をしているともいえるが、気負いや劣等感でギクシャクしている。物事を客観的にみようとする傾向はあるが、それさえもつかみどころがない。,36,21,32,32,34,11,45,33,28,58,29,0
21,退職,２０〜２５才,男,54,58,38,46,24,69,48,48,23,69,46,47,53,57,43,50,40,31,76,53,41,36,65,46,54,33,64,25,41,55,50,61,57,56,49,47,60,80,100,100,80,80,60,80,40,60,40,40,40,40,20,60,20,Ｃ,単調な作業であっても、飽きずに長時間こなせる持続性がある。努力と忍耐をもって、目標に向かっていくといった傾向がある。一事に没頭する徹底性がみられ、人からはそれがしつこいと思われることもあるほどで、夢中になると他のことには目がいかなくなるところがある。几帳面だが、ガンコで堅物との印象もあり、社会の秩序を乱す行動は慎み、通俗的な道徳観の持ち主で、物事の判断もそれに沿ったものになる。とはいえ、規則やしきたりにこだわりすぎるというわけではなく、いつも普通の人でありたいと思う願望が常識的な行動をとらせている。また、状況を鵜呑みにせず、先が見えるまでアクションを起こさないという慎重さも本質のひとつである。感情を抑え、落ち着いた雰囲気で信頼される。しかし、問題が起こったりすると、小さなミスでもいつまでも気にかけたり、他の人はとっくに忘れてしまうような失敗を、いつまでも忘れられず悩んだりするところもある。できることだけを小さくまとめるため、思いきった積極的な行動はしない。,54,53,50,58,48,49,39,58,59,52,63,0
22,退職,２０〜２５才,女,80,48,42,49,29,78,71,55,61,61,42,52,50,46,46,58,46,44,71,50,50,50,41,69,39,50,45,37,36,46,55,68,65,31,49,54,100,60,100,100,80,80,100,20,80,20,20,60,60,60,20,100,14,Ｃ,コツコツと几帳面な人。生活ぶりもキチンとしていて、丹念な仕事ぶりである。スタ−ト・ダッシュはそれほどではないが、息切れがせずいつまでも走りつづける長距離ランナ−型でもある。徹底性もみられ、それがときにはしつこさに映じることもある。世間のきまりや常識を大切にして、ものごとの判断は杓子定規になりがちである。堅物との印象があり、その意見やアイデアは手堅いものの斬新さや柔軟さに欠けるきらいがある。大きな失敗をしないことがこの人の取り柄といえる。,63,40,40,54,55,46,48,55,63,57,55,0
23,退職,２０〜２５才,男,92,68,76,46,15,75,48,44,41,78,24,43,50,46,46,58,55,52,82,63,59,52,61,32,51,44,52,58,50,65,71,68,79,49,56,54,100,100,100,100,80,100,100,60,80,100,60,100,80,100,20,40,24,Ｂ,あくまでも先が見えるまで動かず、容易な決断はしないような慎重さが身上といえる。自分の感情を抑え、人にもやさしいといえるが、問題が起こると自罰的になったり、過去の失敗をいつまでも悩んだりする傾向がみられる。また、何をやらせても着実で手堅い人である。慎重すぎるせいか、発想は着実であり非常にユニークなアイデアや意見をもっているが、大胆な行動などはあまりとらないため、できることだけを小さくまとめて控えめに表現することがある。遠慮がちであり、もう少し視野を広げ、図太さなどがそなわると良い特性が引き出せる。また、どちらかといえば、たくさんの人が集まるところでは、自分から積極的に話しかける社交家ではないが、社会へ関心はあり、情報を収集するアンテナはしっかりと張りめぐらせている。物事を客観的にとらえようとする傾向がつよく、キチンと把握しようとする姿勢がみられる。あまり人情的にのめりこまないため冷たい印象を与えがちだが、豊かな内面性の持ち主で、自分自身を深く内省している。,67,55,50,65,60,59,43,66,73,47,68,0
24,在職,２０〜２５才,男,74,41,50,58,54,36,40,48,53,42,51,36,50,38,46,78,62,61,36,50,62,47,36,50,54,47,75,37,68,57,28,54,50,52,56,72,100,100,80,100,100,100,100,40,100,20,60,80,40,60,20,40,-8,Ｄ,身が軽く思いたったことを素早く実行に移すことができる。行動はテキパキしていて、体を動かして物事を解決していく人である。また、環境への適応力があり、状況の変化にたやすくついていけ、実際的な職務遂行に適材である。多少、思索性に欠けるのがやや難。行動的であるが情緒的にもわりあい安定しており、そうリズムが揺れる生活ぶりではない。ときには手がけた仕事を途中で放りだすといった気分屋的な所があるが、現実的発想もできる。感覚的な部分もあるものの、キチンと理詰めな考え方もできる。,38,45,46,37,42,50,50,58,46,47,47,0
25,退職,２０〜２５才,男,46,65,50,39,59,48,24,68,61,53,37,36,50,38,55,58,62,52,46,70,62,67,49,36,65,50,68,65,57,60,31,50,61,59,64,57,100,100,80,100,80,100,100,100,100,60,100,60,80,80,20,40,-2,Ｃ,自分に対する周囲の評判や他人の行動などを気にするところがある。特に親しい関係ではなく、ただの仲間関係などの間柄で、いい加減な人を見たりするとすごく腹が立ち口うるさくなったりするタイプである。また、困難に遭遇したりして、状況を打開しなければならないときは、積極的に外にうって出るといった外向的なところもある。しかし、うまくことが運ばないときや失敗をしたときなどは、責任を転嫁するという傾向もみられる。そして、周囲が自分を高く評価していると感じると有頂天になったりもする。おだてに乗せられやすく、ちょっと褒められるとその気になってしまうような可愛いところもある。また、積極性とは逆に、その日の気分や気持ちによって内向的になったり、劣等感が強くなったりもする。プライドを傷つけられないよう細心の注意をはらっているが、相手は自分をそれなりに評価しているとわかるとあっさり割り切ったりする。この人の表現の方法に厳しさはあるが、独自の価値観を大切にし、豊かな内面性をもっている。,35,65,60,44,36,59,53,59,56,37,54,0
26,在職,２０〜２５才,男,56,75,63,39,38,36,40,55,27,65,65,43,67,42,43,58,37,35,42,41,50,28,53,36,62,59,49,48,50,43,38,57,19,63,45,47,40,80,60,80,40,60,60,40,80,40,40,40,40,80,20,40,-2,Ｅ,空想癖があり、自分の殻にこもってしまうことがある。それは自己の内面的世界で遊び、美的な生き方をしているあらわれでもある。独自な価値観の持ち主であるといえ、自分を含めて環境を客観的にとらえる傾向が強く、物事をあるがままに把握しようとする。性格的にうつる印象として、やや暗いという感じも受けるが、自分自身について深く内省していて、よく話をしてみると、その豊かな内面性を垣間見ることができる。また、過信することなく、石橋を叩いて渡るような慎重性が本質といえる。思いやりがあり自分をおさえる良さがあるのだが、自分でどうしようもない問題が起こると必要以上に自分の責任を背負い、くよくよと取り越し苦労するといった気弱で引っ込み思案な面もある。神経が細かく過敏なため、人前では緊張してしまうことがあり、快活に振る舞ことをあまり得意としない。そして、気持ちに余裕がなくなってしまうと、多少不安定な行動をとる可能性もある。一般的にはまじめで一途な人に多いが、柔軟性に欠け大らかさがない。,26,27,32,45,21,34,34,43,33,47,43,0
27,在職,２０〜２５才,女,37,61,50,39,47,59,44,41,41,53,39,56,47,42,43,41,46,44,46,44,69,32,57,52,44,38,60,33,36,55,31,54,53,49,60,54,60,100,60,100,60,100,100,100,100,100,100,40,80,80,20,60,4,Ｄ,ものの見方は主観的ではなく客観的に判断し、自分に対しても客体化した見方ができる。もともと人とのかかわりを望んでいるほうではなく、友達などとおしゃべりするよりは、芸術の世界などに閉じこもり、その中で生きていたい、ひとりで落ち着いていることが好き、というのが本音である。また、地道に堅い生活を送っている人で、何事においてもマメで、手を抜かずコツコツと丹念に取り組んでいこうとする。努力家でもあり、手掛けたことは最後まで大事にして、時間をかけても自分が納得するまであきらめない、長距離ランナー型といえる。長時間同じことをする職務を任されても、対外的にあまり文句を言うことがない。それでいて、それほど規則や秩序にこだわらず、状況に応じた判断をしようとする。行動や見た目に現れないとしても、世間の常識はわきまえている。コチコチな規則型人間といったほどではなく、発想も固定的なものばかりではない。性格的に派手さはなく、極端に目立つことはないが、周囲からは信頼されていたりもする。,43,35,34,45,49,36,39,53,53,51,53,0
28,退職,２０〜２５才,男,48,65,76,46,59,53,40,53,79,50,33,59,50,46,49,46,62,56,46,67,76,43,49,32,59,50,75,37,47,63,35,43,65,70,67,61,100,100,100,60,100,100,100,100,80,100,40,100,40,100,20,20,-11,Ｃ,人とは協調しながら、うまくやっていきたいと思っているが、内側では周囲の自分に対する評価を気にしていて、実力を認めてもらいたいという気持ちが強い。また、感情に左右されたり、冷静になれるときとが交互に起こったりもする。やや独善的であるといえ、自分自身に浸っているような感じを受ける。しかし、思い付いたら結果はどうあれ即行動という軽薄さはなく、時間をかけてもじっくりと自分なりに検討しようとする。ゆえに、自分で確実な自信を持って実行するために、検討がはずれてしまうと一人よがりになってしまうことがある。そして、本質としては、物事を客観的な視点からとらえようとする傾向があり、判断の仕方は的確であることが多い。発想も定型的なものばかりではなく、ときに突拍子もないような意見をいって周囲を驚かせることもある。ただ、人間関係において常に一歩距離をおいて接するため、深く付き合っていない人からは、親しみにくい印象にとられる。しかし、内面性は非常に豊かで自分自身を深く内省している。,31,62,54,52,45,58,39,62,58,31,54,0
29,在職,２０〜２５才,男,61,58,67,43,33,72,66,48,23,81,59,50,43,34,52,58,55,52,71,53,72,43,61,58,44,47,60,44,45,60,77,64,65,46,67,52,100,100,100,100,80,100,100,100,80,100,40,60,60,100,20,40,21,Ｂ,軽はずみな行動はなく、常に慎重を期して物事に対処していく人である。自分の感情を極力抑え、落ち着いた感じがする。何事に対しても自分で納得がいくまでは、簡単に受け入れるような事はない。状況の変化に対しても徹底的に調べてから次の行動へ移る。そして、自分と他人を比較して考えることはあまりなく、人には思いやりをもって接しようとする。しかし、問題が起こるといつまでも取り越し苦労するような気弱な面もある。また、仕事にも生活にも几帳面で規則正しいといった印象がある。何事も地味だが、コツコツと最後まで丹念に取り組もうとする。瞬発力はないが、持続性が本領であり取り柄でもある。しかし、一時に没頭しすぎると、それがしつこさとして映ることもある。物事の判断は、世間のきまりや秩序などを大切にしているため、常識から逸脱した行動をとることは少ない。その意見やアイデアは手堅く、あまり大きな失敗はないが、社会通念にこだわりすぎて、斬新さや柔軟性を欠き、押し付けがましさが目立つところがある。,72,51,47,74,60,54,42,59,60,55,59,0
30,在職,２０〜２５才,男,18,58,50,43,47,50,48,44,45,53,54,43,67,46,29,53,46,35,61,53,41,47,49,62,39,44,68,37,54,50,52,64,50,35,41,52,40,80,100,60,80,80,40,80,60,60,60,60,60,60,40,40,6,Ｄ,自分の世界に入り込み、周りのことに関心をしめさないような内閉的な傾向がみられる。外界のことへの興味よりも、空想的場面のなかで、あれこれ思いをめぐらせているほうが心地よく感じている。あまりテキパキと動き回ることはなく、一見すると、つかみどころがないとか冷たいという印象を他人に与えてしまうことがあるが、本質は思いやりがあり、心やさしい人柄といえる。また、自分自身について深く内省していて、自分を含めた環境をあるがままに客観的にとらえようとする傾向があり、物事をしっかりと把握している。行動面としては、過信したり過大な評価をせず、確実な見通しがつくまで動かないという慎重なところがある。しかしそれは、引っ込み思案で、控え目な性格であるためだといえる。自分にできることだけを、小さく内々に表現しようとする。遠慮がちで、思い切って果敢な行動にうつれず、人の後ろにつきたがる気弱さがある。人前で緊張したり、気持ちに余裕がなくなる状況になると、多少不安定な行動をとる可能性がある。,48,34,31,46,45,34,42,54,50,60,52,0
31,在職,２０〜２５才,女,32,51,59,46,50,48,28,50,45,47,30,47,57,46,49,41,57,48,51,63,56,43,65,36,59,41,60,44,57,60,28,43,53,56,49,52,60,60,80,80,60,80,80,60,60,60,80,60,80,60,60,60,0,Ｃ,他人とすすんで関係をもつことは少ないものの、社会への関心はあり、世間にたいする配慮もみられる。また、限られた友人とは深い交友関係を形成している。発想は着実でありながら、時として非常にユニークなアイデアもでる。自分もふくめて環境をあるがままに客観的にとらえようとする傾向がつよく、ものごとをキチンと把握している。人情的にのめりこまず、ために冷たい印象を他人に与えることがあるが、自分自身について深く内省していて、豊かな内面性をもつ。,34,57,53,49,39,62,45,56,55,45,58,0
32,在職,２０〜２５才,女,41,58,42,46,42,45,51,38,45,65,49,40,43,38,52,62,44,48,51,44,41,50,53,55,42,47,43,44,36,43,55,50,48,42,38,47,60,60,40,40,40,60,60,20,60,40,40,60,60,60,40,40,7,Ｄ,見通しがつくまで動かない慎重さが本質といえる。物事を軽率に判断したり、現実以上に高く評価するようなことも少ない。また、思いやりがあり自分を抑えるよさがあるが、なにか問題が起こると自罰的になり、いつまでもクヨクヨとしてしまう弱気なところもある。控えめな性格であり、自分にできることだけを小さく内々に表現しようとし、失敗したときのことを心配しすぎて、思いきった果敢な行動には移れない。遠慮がちではあるが、病的な暗さというほどではない。また、煩わしい人間関係はできるだけ避けていたいと考えている。どちらかといえば、周囲のことをあれこれと考えるよりも自己の世界に内閉し、その世界をより充実させたいと望み、美的な生き方をしようとしている。なんとなくつかみどころのない漂々とした生活ぶりで、空想癖があったりもする。物事をあるがままに客観的にとらえようとする傾向より、やや主観的に判断することのほうが多い。自分に自信をもち、もう少し図太さなどがあると持ち味の慎重特性がいきてくる。,53,20,20,45,44,22,48,47,47,57,51,0
33,在職,２０〜２５才,男,41,45,67,61,54,45,51,48,41,69,46,47,50,42,46,66,62,65,55,67,62,55,61,50,50,57,60,48,54,57,55,54,68,49,56,72,60,80,80,100,40,100,60,80,80,40,80,100,100,60,20,20,7,Ｂ,あくまでも先が見えるまで動かず、容易な決断はしないような慎重さが身上といえる。自分の感情を抑え、人にもやさしいといえるが、問題が起こると自罰的になったり、過去の失敗をいつまでも悩んだりする傾向がみられる。また、何をやらせても着実で手堅い人である。慎重すぎるせいか、発想は着実であり非常にユニークなアイデアや意見をもっているが、大胆な行動などはあまりとらないため、できることだけを小さくまとめて控えめに表現することがある。遠慮がちであり、もう少し視野を広げ、図太さなどがそなわると良い特性が引き出せる。また、どちらかといえば、たくさんの人が集まるところでは、自分から積極的に話しかける社交家ではないが、社会へ関心はあり、情報を収集するアンテナはしっかりと張りめぐらせている。物事を客観的にとらえようとする傾向がつよく、キチンと把握しようとする姿勢がみられる。あまり人情的にのめりこまないため冷たい印象を与えがちだが、豊かな内面性の持ち主で、自分自身を深く内省している。,59,64,56,67,66,67,51,61,56,50,57,0
34,在職,２０〜２５才,男,28,58,67,46,54,50,40,41,50,61,68,43,50,30,40,78,55,44,46,41,53,50,41,39,50,59,64,44,66,52,38,43,34,46,45,54,60,80,60,40,60,80,100,40,60,60,60,60,60,60,20,40,-5,Ｅ,過信せず、見通しがつくまで動かない慎重さが本質といえる。思いやりがあり、自分を抑える良さもあるが、問題が起こると自罰的傾向をとり、クヨクヨと取り越し苦労をする傾向がある。どちらかといえば、気弱で引っ込み思案の人である。神経が細かく過敏な性格で、人前にでると緊張し堅くなり、余裕がなくなると多少不安定な行動をとる可能性もある。できるだけ目立たず、隅のほうにいたいという感じで、自信をもった行動力が不足している。一般的には真面目で、一途な人に多くみられるが、ときに、その真面目さが、柔軟性に欠けていると人から見られる。そして、他人との交友関係なども進んでもつほうではなく、関心分野以外のことになると、かかわらないように殻に閉じこもろうとする。よくいえば、自分の内面的な世界の中で審美的な生き方をしているともとれる。ものの見方は客観的で的確に把握しようとする。人情に溺れることなく一歩距離をおいて接するため、冷たい印象を与えることもあるが自分自身については深く内省している。,37,26,33,46,26,37,42,48,43,49,40,0
35,在職,２０〜２５才,女,66,41,47,58,50,66,63,48,45,65,51,43,53,46,46,58,57,70,66,53,53,70,53,65,42,50,45,70,54,57,68,68,72,39,52,61,80,100,100,60,60,80,80,80,80,80,40,80,60,60,40,60,14,Ａ,生活態度も安定していて、何事もしっかりこなしていこうとする。走り出しはそれほどでもないが、いつまでも息切れせずに走り続けることができ、途中であきらめることなく、成し遂げるまで頑張ろうとする。また、自分でよく考えた上で決めたことは必ず実行し、自分の気分や周囲の状況の変化で予定を変更したりすることはあまりない。人の意見に対してもすぐに鵜呑みにするようなことは少なく、答えは自分で決めるといったところもある。精神状態は安定しているほうだといえ、どちらかといえば落ち着いているという雰囲気がある。そして、規則や常識を大切にし、社会通念に生きている常識家ともいえる。そのためか、物事の判断は型にはまりがちになることもある。また、明確な見通しがつくまで動かない慎重さも認められる。自分を抑える良さがあるといえるが、慎重になりすぎてユニークさに欠けてしまったり、失敗を意識しすぎて小さくまとまってしまったりすることがある。また、問題が起こると取り越し苦労するなど弱気な面もある。,77,61,62,58,73,62,64,56,62,57,55,0
36,退職,２０〜２５才,男,52,54,55,51,47,48,44,44,37,53,59,33,63,42,46,53,49,61,51,47,47,50,49,46,54,59,60,48,50,50,47,68,57,49,52,57,80,80,100,80,80,60,60,80,60,80,80,80,60,40,20,80,3,Ｃ,真面目であるが、イキイキしたところがあまりみられず、どちらかといえば内向的な人だといえる。大勢の仲間と騒ぐよりは、数少ない友人との時間を大切にするほうだといえる。物事の考え方や発想は、大変素晴らしいものがあるのに、積極的に外に公表しようとする気持ちがないのか、それとも自分に自信が持てないためか、常に控え目に小さく表現しようとする。そのうえ、神経が細かく過敏な性格のため、人前では緊張しがちで、気持ちに余裕がなくなると不安定な行動をとることもある。また、失敗の不安を取り除くために綿密な計画をたてようとし、それが自分の能力以上のものとなると、気負いばかりが先走りする状態になってしまう。また、積極的に交友関係を持とうとはしないが、気の許せる友人とは深い付き合いを形成している。自分も含めた物事の見方は、客観的にキチンと把握していて、その理解のしかたに間違いは少ない。人情的に深入りしないため冷淡な印象も与えるが、自分をよく内省していて、豊かな内面性の持ち主といえる。,44,45,44,51,49,46,50,54,49,50,49,0
37,在職,２０〜２５才,女,80,65,55,30,54,50,66,41,58,61,62,47,43,42,58,53,30,40,55,41,32,55,41,58,33,62,43,51,30,38,61,57,42,35,41,27,40,80,80,40,20,60,60,40,60,60,40,60,40,40,40,60,-3,Ｄ,単純なことや同じ作業を長時間こなすという持続性に欠けている。気長にコツコツとやっていく地道な事はあまり得意とはいえない。周囲が自分をどう見ているかという社会的な評価より、自分自身で手掛けていき納得のいくことのほうを重視している。自分から積極的に外に出て活動するというよりは、自己の内面世界の中で独自の価値観を形成させ、その中で好きな事をしているほうを好んでいる。そして、規則や秩序を守り、世間から逸脱した行動はとらない常識家であり、何事も万事手堅く安全にという生き方をしている。そのためか、斬新さや柔軟さに欠けてしまうことがあり、せっかく素晴らしいアイデアがあっても、常識を意識しすぎて面白くなくなってしまう可能性がある。状況判断のしかたは主観的で、その場の雰囲気や感情に流されやすい傾向がある。しかし、一度自分がこうだと決めたことは頑固に通そうとする。また、人との接触が面倒なのか交友関係を進んで持とうとしない。しかし、自分と考え方や価値観のあう友人は大切にする。,62,25,34,48,50,25,45,39,43,58,41,0
38,在職,２０〜２５才,女,69,48,59,54,59,42,36,53,53,38,49,47,50,50,40,62,62,56,36,59,50,55,41,46,50,47,71,48,74,65,25,57,53,42,49,64,100,100,80,80,100,80,100,80,100,40,80,60,60,80,40,80,-7,Ｄ,自己の世界を大切にし、対人関係なども自分から進んで外に出ていくことは少ない。はじめて会った人には、人見知りをするほうで、他人との間に距離を置こうとする。しかし、限られた友人とは、深い交友関係を形成している。発想は着実でありながら、時として非常におもしろい考え方をすることがある。ある程度の社会性をそなえ、周囲に対する配慮もみられる。自分自身についても深く内省していて、内面性は豊かで充実している。どちらかというと身軽に動き回るよりも、物事を落ち着いて考えてから行動するが、見方によっては、しりの重たさを感じさせることもある。新しい環境に馴染むには多少時間がかかり、新規にとりかかる事や転地などは不向きと思われる。しかし、ひとたび順応しはじめると、切り換えは遅いほうではない。また、気分屋なところがあり、調子のよい時と落ち込んでいる時の浮き沈みがあり、その時々の感情に起伏がみられる。非常に敏感な部分と鈍感な面の両方を持ち合わせていて、扱いにくい人間にうつることもある。,34,49,55,38,40,50,50,58,48,50,49,0
39,退職,２０〜２５才,女,67,41,47,61,50,63,71,41,61,85,49,40,47,30,68,58,55,65,66,44,69,55,41,69,42,51,49,51,36,50,74,61,57,49,56,69,100,100,100,100,100,100,100,60,100,60,60,60,60,60,20,60,7,Ａ,周りの人は安全で大丈夫だと判断しても、自分で確信が持てるまで、石橋を叩いて渡るような慎重な人である。やや積極性に欠けるが、自分の感情を抑え、落ち着いた雰囲気が感じられる。また、自罰的傾向もみられ、なにか問題が起こると責任を一身に感じ、落ち込んでしまうような面も露呈する。また、失敗を嫌うため、自分のできる範囲で行動する人といえる。もう少し、図太さがあると良いが、控えめな性格で、積極的にうってでるようなことはない。しかし、病的な暗さはなく、手堅さは評価できる。そして、地味に堅い生活をおくっている人で、何事も手を抜かず、コツコツと丹念に取り組んでいく。しかし、夢中になると一つのことに執着するような頑固さがあり、ときにしつこいと思われることもある。自分らしさを主張するより、周囲が自分をどう見ているかを気にかけている。世間のきまりや常識を大切にし、その意見やアイデアは手堅く、大きな失敗やトラブルはないが、あまり規則や秩序にこだわりすぎると、杓子定規にもなりかねない。,79,56,51,63,79,58,56,53,58,52,48,0
40,退職,２０〜２５才,女,74,41,55,51,50,66,55,48,58,85,54,56,40,26,55,62,52,74,76,53,66,81,49,62,42,59,60,70,51,63,55,73,57,49,72,66,100,100,100,100,60,80,100,100,100,80,60,80,80,60,40,80,9,Ａ,他の人がなんと言おうと自分で確信がもてるまで、決して行動には移さない慎重なところがある。軽はずみな行動は少なく、落ち着いた雰囲気と信頼感がある。また、努力を信条とし、何事も丹念に取り組んでいこうとする。出だしはそれほどでもないが、いつまでも持続させることができる。生活ぶりもキチンとしていて、物事は計画書を書いて実行するようなマメな人である。しかし、あくまでも一つのことに執着する頑固さではなく融通性も持っている。それほど規則や秩序を気にするわけでなく、状況に応じた判断ができる。世間の常識はわきまえていても、四角四面で固定的なものでなく、よき社会人として模範的な見方をされる。しかし、慎重であるがゆえ、問題が起こると必要以上に自分を責めることがある。その後は二度と同じ失敗をしないように考えすぎて、行動は控えめになることがある。もう少し、図太さがあり積極的にうってでるところがあると安心して見ていられるリーダーになる。しかし、手堅さや慎重さなど評価できる部分は多い。,71,61,62,65,76,63,65,58,59,48,50,0
41,在職,２０〜２５才,男,71,48,76,61,68,50,66,44,32,61,89,33,57,60,35,66,52,65,51,24,59,63,36,58,44,81,49,65,54,55,50,64,42,39,49,64,60,80,60,100,80,80,80,40,60,20,60,100,100,80,20,80,-2,Ｃ,自分自身で納得するまで、即断をしたり、行動をしたりしない慎重性が本質といえる。また、じっくりと物事を検討することができ、自分なりの考えにまとめてから実行にうつそうとする。多少、気弱なところが見られ、人前では緊張してしまうことがある。また、思いやりがあり自分を抑える良さがあるが、トラブルが起こると、その責任を必要以上に気にしてしまう。これは、神経が細かく過敏な性格であるためで、ときに余裕がなくなると不安定な行動をとる。一般的に一途な人に、この傾向は多く見られる。また、他人と進んで交友をもつことは少ないものの、限られた友人とは深い交友関係を形成している。社会への関心はあり、世間に対する配慮もみられる。発想は着実でありながら、時として非常にユニークなアイデアをだすことができる。自分も含めて、物事の見方は客観的で、キチンと把握しようとしているが、あまり人情的にのめり込まないために、冷淡な印象を与えることがある。自分をよく内省しており、豊かな内面性の持ち主である。,54,48,51,48,60,48,53,44,41,58,30,0
42,退職,２０才未満,男,55,58,50,49,47,66,51,35,41,65,59,43,53,38,49,66,43,40,61,41,41,50,36,62,39,51,55,48,50,55,58,61,53,35,38,50,80,80,80,100,80,60,80,80,60,60,60,60,60,60,80,40,9,Ｃ,単調な作業であっても、飽きずに長時間こなせる持続性がある。努力と忍耐をもって、目標に向かっていくといった傾向がある。一事に没頭する徹底性がみられ、人からはそれがしつこいと思われることもあるほどで、夢中になると他のことには目がいかなくなるところがある。几帳面だが、ガンコで堅物との印象もあり、社会の秩序を乱す行動は慎み、通俗的な道徳観の持ち主で、物事の判断もそれに沿ったものになる。とはいえ、規則やしきたりにこだわりすぎるというわけではなく、いつも普通の人でありたいと思う願望が常識的な行動をとらせている。また、状況を鵜呑みにせず、先が見えるまでアクションを起こさないという慎重さも本質のひとつである。感情を抑え、落ち着いた雰囲気で信頼される。しかし、問題が起こったりすると、小さなミスでもいつまでも気にかけたり、他の人はとっくに忘れてしまうような失敗を、いつまでも忘れられず悩んだりするところもある。できることだけを小さくまとめるため、思いきった積極的な行動はしない。,59,34,37,53,46,36,46,51,52,61,46,0
43,在職,２０才未満,女,56,58,59,51,47,66,66,38,41,57,59,47,47,26,49,66,44,52,66,38,50,59,36,62,39,54,43,54,45,41,50,50,48,42,49,52,80,80,100,80,20,100,80,60,60,20,60,60,80,60,20,60,9,Ｃ,コツコツと几帳面な人。生活ぶりもキチンとしていて、丹念な仕事ぶりである。スタ−ト・ダッシュはそれほどではないが、息切れがせずいつまでも走りつづける長距離ランナ−型でもある。徹底性もみられ、それがときにはしつこさに映じることもある。世間のきまりや常識を大切にして、ものごとの判断は杓子定規になりがちである。堅物との印象があり、その意見やアイデアは手堅いものの斬新さや柔軟さに欠けるきらいがある。大きな失敗をしないことがこの人の取り柄といえる。,65,28,37,61,53,35,49,45,53,58,44,0
44,退職,２０才未満,男,38,51,55,49,42,56,32,41,32,61,39,50,67,38,52,41,50,56,61,67,44,67,61,52,47,41,60,62,50,60,38,57,61,49,45,52,80,100,100,100,100,100,80,100,80,60,20,60,40,80,60,80,14,Ｂ,他の人がなんと言おうと自分で確信がもてるまで、決して行動には移さない慎重なところがある。軽はずみな行動は少なく、落ち着いた雰囲気と信頼感がある。また、努力を信条とし、何事も丹念に取り組んでいこうとする。出だしはそれほどでもないが、いつまでも持続させることができる。生活ぶりもキチンとしていて、物事は計画書を書いて実行するようなマメな人である。しかし、あくまでも一つのことに執着する頑固さではなく融通性も持っている。それほど規則や秩序を気にするわけでなく、状況に応じた判断ができる。世間の常識はわきまえていても、四角四面で固定的なものでなく、よき社会人として模範的な見方をされる。しかし、慎重であるがゆえ、問題が起こると必要以上に自分を責めることがある。その後は二度と同じ失敗をしないように考えすぎて、行動は控えめになることがある。もう少し、図太さがあり積極的にうってでるところがあると安心して見ていられるリーダーになる。しかし、手堅さや慎重さなど評価できる部分は多い。,58,59,59,58,60,64,55,59,57,55,61,0
45,退職,２０〜２５才,男,59,41,55,51,54,56,24,41,50,61,59,40,43,38,55,62,62,48,76,47,59,50,36,36,50,62,64,37,50,55,47,54,53,49,49,69,80,100,100,80,100,100,100,80,100,100,20,80,100,80,40,80,0,Ｃ,過信せず、見通しがつくまで動かない慎重さがこの人の本質である。思いやりがあり、自分をおさえる良さがあるが、問題がおこると自罰的傾向をとり、くよくよと取り越し苦労する面も。気弱で引っ込み思案の人である。自分に自信がなく、快活な面がみられない。神経が細かく過敏な性格で、人前では緊張してかたくなりがちである。余裕がなくなると、多少不安定な行動をとる可能性もでる。一般的にはまじめで一途な人が多いが、柔軟性に欠けおおらかさがない。,52,45,53,51,49,56,47,55,57,47,44,0
46,退職,２６〜３０才,男,80,82,67,30,59,53,58,68,37,61,59,36,70,50,40,58,46,44,55,56,72,36,49,55,54,76,52,37,50,57,44,47,72,56,67,39,60,100,80,100,80,80,100,20,100,100,40,80,60,20,60,60,-4,Ｃ,社会に対する関心があり、周囲への配慮もある。しかし、本来の内面意識の中では、世間や周りの環境に流されることは少なく、自分は自分としての考えが強い。他人からの押し付けがましさは望むところではない。交友関係などは、たくさんの仲間関係を広げていくというより、自己の世界や独自な価値観を理解してくれる友人を大切にする。そして、自分も含めて環境をあるがままに客観的にとらえようとする傾向があり、物事をキチンと把握しようとする。そうしたことからか、行動や考えには悪意はないのだが、現実的かつ冷静な発言が多いため対人関係で、衝突してしまう可能性があるかも知れない。また、積極性があり、競争心が旺盛である。他人と競合する場面になると、実力以上の成果をあげることもある。精神的には独立していて、他人に依存することを嫌う。自己中心性や他罰的傾向も多少みられるが、思いあがった独善性というほどではない。人よりも優れたことをして、それをいかに効果的に世間に公開するかといったところに関心がある。,39,50,43,62,38,42,33,52,53,48,48,0
47,在職,２６〜３０才,男,31,58,59,54,47,48,51,50,41,65,54,47,40,46,55,62,44,48,55,47,56,50,49,55,50,50,55,48,47,57,52,61,50,42,56,52,80,100,80,100,100,80,80,80,80,60,80,80,80,100,40,60,5,Ｃ,あくまでも先が見えるまで動かず、容易な決断はしないような慎重さが身上といえる。自分の感情を抑え、人にもやさしいといえるが、問題が起こると自罰的になったり、過去の失敗をいつまでも悩んだりする傾向がみられる。また、何をやらせても着実で手堅い人である。慎重すぎるせいか、発想は着実であり非常にユニークなアイデアや意見をもっているが、大胆な行動などはあまりとらないため、できることだけを小さくまとめて控えめに表現することがある。遠慮がちであり、もう少し視野を広げ、図太さなどがそなわると良い特性が引き出せる。また、どちらかといえば、たくさんの人が集まるところでは、自分から積極的に話しかける社交家ではないが、社会へ関心はあり、情報を収集するアンテナはしっかりと張りめぐらせている。物事を客観的にとらえようとする傾向がつよく、キチンと把握しようとする姿勢がみられる。あまり人情的にのめりこまないため冷たい印象を与えがちだが、豊かな内面性の持ち主で、自分自身を深く内省している。,54,42,45,51,54,46,45,52,48,53,49,0
48,在職,２０〜２５才,女,71,45,59,58,42,56,40,41,45,61,42,43,50,26,52,70,62,61,71,53,62,55,53,46,51,44,52,48,51,50,50,39,65,52,52,61,100,100,80,80,60,100,100,60,60,60,40,80,60,60,40,60,12,Ｂ,あくまでも先が見えるまで動かず、容易な決断はしないような慎重さが身上といえる。自分の感情を抑え、人にもやさしいといえるが、問題が起こると自罰的になったり、過去の失敗をいつまでも悩んだりする傾向がみられる。また、何をやらせても着実で手堅い人である。慎重すぎるせいか、発想は着実であり非常にユニークなアイデアや意見をもっているが、大胆な行動などはあまりとらないため、できることだけを小さくまとめて控えめに表現することがある。遠慮がちであり、もう少し視野を広げ、図太さなどがそなわると良い特性が引き出せる。また、どちらかといえば、たくさんの人が集まるところでは、自分から積極的に話しかける社交家ではないが、社会へ関心はあり、情報を収集するアンテナはしっかりと張りめぐらせている。物事を客観的にとらえようとする傾向がつよく、キチンと把握しようとする姿勢がみられる。あまり人情的にのめりこまないため冷たい印象を与えがちだが、豊かな内面性の持ち主で、自分自身を深く内省している。,62,51,50,59,64,66,52,56,62,49,57,0
49,在職,２０〜２５才,男,80,71,59,33,47,59,51,48,61,69,51,47,50,42,43,58,43,44,55,38,62,43,36,52,44,47,32,44,30,50,50,47,48,42,56,42,40,60,40,80,80,100,100,60,80,60,20,80,60,60,40,20,1,Ｄ,自分と違った価値観や周囲の雑音にはあまり興味をしめさない。そして、自らが進んで他人との接触を好むというタイプではないが、いったん付き合うとその交友関係を大切にする。それは、価値観の違う大勢の人といるよりも、一人でいる、または気の合った仲間と一緒にいるほうに喜びを感じるということである。どちらかといえば、審美的な生き方をしていて、豊かな内面性をそなえ、自分自身をよく内省している人であることがわかる。そして、状況をあるがままに客観的にとらえ、じっくりと経過と結果の両方向から考える傾向が強く、物事をキチンと把握することができる。そのためか最初のうちは人に冷たいとか、わかりづらいという印象を与えてしまうことがあるが、付き合ってみると思いやりがあり、心やさしい人柄であることがわかる。また、軽はずみな行動は少なく、見通しがつくまで動かない慎重さや手堅さは評価できる。しかし考えすぎるため、大胆な発想をしたり突発的な行動をとることがないので、おもしろさには欠けてしまう。,47,20,21,48,42,33,40,43,50,49,45,0
50,在職,２０〜２５才,女,58,58,47,46,42,63,55,44,37,73,54,47,43,30,46,70,52,52,66,50,56,47,53,55,47,57,52,44,33,41,58,50,61,46,49,54,80,100,100,60,80,100,100,60,80,60,40,80,60,80,60,80,14,Ｃ,他の人がなんと言おうと自分で確信がもてるまで、決して行動には移さない慎重なところがある。軽はずみな行動は少なく、落ち着いた雰囲気と信頼感がある。また、努力を信条とし、何事も丹念に取り組んでいこうとする。出だしはそれほどでもないが、いつまでも持続させることができる。生活ぶりもキチンとしていて、物事は計画書を書いて実行するようなマメな人である。しかし、あくまでも一つのことに執着する頑固さではなく融通性も持っている。それほど規則や秩序を気にするわけでなく、状況に応じた判断ができる。世間の常識はわきまえていても、四角四面で固定的なものでなく、よき社会人として模範的な見方をされる。しかし、慎重であるがゆえ、問題が起こると必要以上に自分を責めることがある。その後は二度と同じ失敗をしないように考えすぎて、行動は控えめになることがある。もう少し、図太さがあり積極的にうってでるところがあると安心して見ていられるリーダーになる。しかし、手堅さや慎重さなど評価できる部分は多い。,68,38,37,67,60,40,47,52,57,55,53,0
51,在職,２６〜３０才,男,33,54,42,46,50,50,48,44,45,65,39,50,63,46,40,36,43,48,51,50,47,55,57,52,44,41,45,51,41,48,47,39,53,42,45,44,60,100,60,80,80,100,100,40,60,60,40,60,60,80,40,60,8,Ｄ,見通しがつくまで動かない慎重さが本質といえる。物事を軽率に判断したり、現実以上に高く評価するようなことも少ない。また、思いやりがあり自分を抑えるよさがあるが、なにか問題が起こると自罰的になり、いつまでもクヨクヨとしてしまう弱気なところもある。控えめな性格であり、自分にできることだけを小さく内々に表現しようとし、失敗したときのことを心配しすぎて、思いきった果敢な行動には移れない。遠慮がちではあるが、病的な暗さというほどではない。また、煩わしい人間関係はできるだけ避けていたいと考えている。どちらかといえば、周囲のことをあれこれと考えるよりも自己の世界に内閉し、その世界をより充実させたいと望み、美的な生き方をしようとしている。なんとなくつかみどころのない漂々とした生活ぶりで、空想癖があったりもする。物事をあるがままに客観的にとらえようとする傾向より、やや主観的に判断することのほうが多い。自分に自信をもち、もう少し図太さなどがあると持ち味の慎重特性がいきてくる。,47,31,29,41,50,33,51,48,51,55,53,0
52,退職,２６〜３０才,男,63,54,50,51,24,66,51,38,32,61,49,50,47,38,43,62,57,52,76,53,62,43,53,65,42,41,60,37,50,48,58,39,65,49,52,66,80,100,100,80,100,100,100,80,100,80,80,80,80,100,60,60,22,Ｂ,単調な作業であっても、飽きずに長時間こなせる持続性がある。努力と忍耐をもって、目標に向かっていくといった傾向がある。一事に没頭する徹底性がみられ、人からはそれがしつこいと思われることもあるほどで、夢中になると他のことには目がいかなくなるところがある。几帳面だが、ガンコで堅物との印象もあり、社会の秩序を乱す行動は慎み、通俗的な道徳観の持ち主で、物事の判断もそれに沿ったものになる。とはいえ、規則やしきたりにこだわりすぎるというわけではなく、いつも普通の人でありたいと思う願望が常識的な行動をとらせている。また、状況を鵜呑みにせず、先が見えるまでアクションを起こさないという慎重さも本質のひとつである。感情を抑え、落ち着いた雰囲気で信頼される。しかし、問題が起こったりすると、小さなミスでもいつまでも気にかけたり、他の人はとっくに忘れてしまうような失敗を、いつまでも忘れられず悩んだりするところもある。できることだけを小さくまとめるため、思いきった積極的な行動はしない。,65,48,42,64,64,57,45,61,63,58,61,0
53,在職,２６〜３０才,女,100,38,50,61,42,66,44,32,37,53,57,40,40,42,68,50,69,52,71,53,47,59,49,50,44,47,75,54,62,55,58,50,68,49,38,66,100,100,80,100,80,100,100,80,100,80,100,100,60,60,80,60,14,Ｂ,努力を信条とし、目標に向けて一生懸命に励む性格である。手掛けた事は丁寧に処理しキチンとしている。途中であきらめてしまうことは少なく、物事には粘り強く取り組んでいく忍耐力もある。見方によっては、それが執念深さとしてうつることもある。そして、独自の価値観にそった判断をしているが、発想は堅苦しいものばかりではなく、ユニークさも持ちあわせている。自分の考えはあらかじめ用意しているが、いろいろな計画を立てるときは、自分だけの勝手な判断で決定するのではなく、他人の意見も取入れながら考えていこうとする。また、身が軽く体を動かして物事を解決していくところもある。だからといって、思いついたら何も考えずに即実行といった軽薄さや、気分で行動したりすることは少ないため大きな失敗はあまりない。新しい環境の変化にもそれほど時間をかけずに適応することができる。場や雰囲気にのまれることなく、精神的にも安定している。まれに感情的になってしまうこともあるが、人情もろくてお人好しな性格である。,68,58,62,53,57,60,55,62,63,56,56,0
54,在職,２６〜３０才,男,85,65,59,36,50,56,58,41,41,69,62,47,60,46,49,46,30,48,36,31,44,47,49,58,33,62,35,41,27,38,47,50,31,35,41,36,20,60,60,80,80,60,80,40,60,60,20,40,40,60,20,40,0,Ｄ,過信せず、見通しがつくまで動かない慎重さが本質といえる。思いやりがあり、自分を抑える良さもあるが、問題が起こると自罰的傾向をとり、クヨクヨと取り越し苦労をする傾向がある。どちらかといえば、気弱で引っ込み思案の人である。神経が細かく過敏な性格で、人前にでると緊張し堅くなり、余裕がなくなると多少不安定な行動をとる可能性もある。できるだけ目立たず、隅のほうにいたいという感じで、自信をもった行動力が不足している。一般的には真面目で、一途な人に多くみられるが、ときに、その真面目さが、柔軟性に欠けていると人から見られる。そして、他人との交友関係なども進んでもつほうではなく、関心分野以外のことになると、かかわらないように殻に閉じこもろうとする。よくいえば、自分の内面的な世界の中で審美的な生き方をしているともとれる。ものの見方は客観的で的確に把握しようとする。人情に溺れることなく一歩距離をおいて接するため、冷たい印象を与えることもあるが自分自身については深く内省している。,54,21,29,55,45,27,42,36,38,61,39,0
55,退職,２０〜２５才,男,90,38,71,64,42,63,44,53,45,42,42,50,57,42,49,46,57,56,71,59,53,59,57,50,50,36,71,51,66,65,52,54,68,46,49,64,80,100,100,100,80,100,80,80,60,80,80,80,80,60,80,60,12,Ｂ,初対面の人に対しては、まず相手の様子をうかがい、考え方や価値観が合えばそれなりに突っ込んだ話をすることができる。社会への関心はあり、世間に対する配慮もみられる。豊かな内面性をもっていて、発想は着実でありながら、時として非常にユニークなアイデアを提示する。そして、自分も含めて、環境をあるがままに客観的にとらえる傾向が強く、物事をキチンと把握する。客観的かつ冷静な発言をするので、冷たいという印象を他人に与えてしまうことがあるが、心の中には、人情もろくてお人好しな面を持ちそなえている。また、聞き上手な面があり、情報を広くつかもうとする。そうした一方では、思いたったことは素早く実行に移すという行動力もある。行動的な部分は、あまり複雑に考えずにとりあえず実行してみるといった感じだが、これも軽薄というのではなく、それなりに状況をつかみながらのことである。環境への変化にも容易についていけ適応力もある。頭のよさがあり、慎重性をともなえばよいリーダーになりうる存在である。,57,68,63,62,60,77,51,64,63,52,61,0
56,在職,２０〜２５才,女,37,58,38,49,50,56,44,44,45,53,49,47,43,42,49,70,59,48,61,59,53,50,49,52,50,41,71,48,66,46,55,57,65,49,56,61,80,100,100,80,100,100,80,100,100,80,80,100,80,80,80,80,9,Ｂ,ものの見方は主観的ではなく客観的に判断し、自分に対しても客体化した見方ができる。もともと人とのかかわりを望んでいるほうではなく、友達などとおしゃべりするよりは、芸術の世界などに閉じこもり、その中で生きていたい、ひとりで落ち着いていることが好き、というのが本音である。また、地道に堅い生活を送っている人で、何事においてもマメで、手を抜かずコツコツと丹念に取り組んでいこうとする。努力家でもあり、手掛けたことは最後まで大事にして、時間をかけても自分が納得するまであきらめない、長距離ランナー型といえる。長時間同じことをする職務を任されても、対外的にあまり文句を言うことがない。それでいて、それほど規則や秩序にこだわらず、状況に応じた判断をしようとする。行動や見た目に現れないとしても、世間の常識はわきまえている。コチコチな規則型人間といったほどではなく、発想も固定的なものばかりではない。性格的に派手さはなく、極端に目立つことはないが、周囲からは信頼されていたりもする。,62,54,49,64,54,52,50,58,58,50,56,0
57,在職,２０〜２５才,女,64,41,47,58,42,50,58,48,45,65,49,56,47,50,43,58,52,65,55,50,59,52,53,55,51,50,45,58,47,63,55,57,44,56,56,61,100,60,60,80,80,100,60,80,80,60,40,100,80,60,20,40,3,Ｂ,落ち着いた雰囲気もあり、何事もはっきりとした見通しがつくまで動かないという慎重さがみられる。また、斬新なアイデアがあるのかもしれないが、その評価の是非を気にするためか、慎重すぎるためか、自分の物差しの中でできる範囲内のことを限定して表現してしまう傾向がある。また、問題が起こると、何事もなかったようにあっさりと流してしまうときと、責任を一人で感じて、いつまでも悩んでしまうようなときとが交互にあらわれる。もう少し、失敗を恐れない図太さがあるとよいが、慎重さ手堅さは評価できる。反面、思いたったことは素早く実行するなど、ポジティブな行動をとることもできる。やや思索性に欠けるきらいがあるが、環境が変っても柔軟に適応することができ、体を動かして物事を解決しようとする。そして、情緒的にも安定していて、一定のリズムをもって生活している。発想も感覚的な部分はあるが、堅実で筋道をたてた理詰めな考え方をすることができる。もっと良い特性を前面に出せばリーダー格になりうる人である。,61,57,56,59,70,55,57,53,50,49,51,0
58,退職,２０〜２５才,女,80,45,42,54,59,50,40,48,53,42,33,47,60,53,29,41,64,56,51,67,50,52,57,50,54,38,55,48,54,55,47,47,65,56,49,54,80,100,100,100,80,80,80,60,80,80,80,60,60,80,60,60,0,Ｃ,気分屋であり、思いつきは早いが、それを行動にうつすにさいしてはテキパキと身軽に動きまわるというほどでない。活発であるが少し重たさが感じられる。気立てはよくお人好しであり、人情家でもある。快活な人柄であり、明るい雰囲気がある。調子に乗れば仕事は早いが、気分屋な所があり、元気よく仕事をしていたかと思うと静かにちんまりとしていることがある。人間的には温かくて人なつこい性格で、世話好きな面がみられる。ただ、長続きしない所があり、多少のケア−が必要かもしれない。,37,60,49,46,47,51,53,56,59,47,58,0
59,在職,２０〜２５才,男,89,35,47,64,47,75,51,53,50,61,46,40,53,42,35,62,66,65,76,63,66,67,53,52,57,36,75,58,57,73,71,73,79,49,64,72,100,100,100,100,100,100,100,100,100,80,80,100,80,100,60,100,13,Ａ,努力を信条とし、目標に向けて一生懸命に励む性格である。手掛けた事は丁寧に処理しキチンとしている。途中であきらめてしまうことは少なく、物事には粘り強く取り組んでいく忍耐力もある。見方によっては、それが執念深さとしてうつることもある。そして、独自の価値観にそった判断をしているが、発想は堅苦しいものばかりではなく、ユニークさも持ちあわせている。自分の考えはあらかじめ用意しているが、いろいろな計画を立てるときは、自分だけの勝手な判断で決定するのではなく、他人の意見も取入れながら考えていこうとする。また、身が軽く体を動かして物事を解決していくところもある。だからといって、思いついたら何も考えずに即実行といった軽薄さや、気分で行動したりすることは少ないため大きな失敗はあまりない。新しい環境の変化にもそれほど時間をかけずに適応することができる。場や雰囲気にのまれることなく、精神的にも安定している。まれに感情的になってしまうこともあるが、人情もろくてお人好しな性格である。,68,72,67,63,66,74,61,69,70,46,62,0
60,在職,２６〜３０才,男,55,54,55,46,33,63,75,38,14,69,54,36,60,42,46,50,50,61,55,63,47,43,79,65,33,47,60,54,45,46,77,64,68,42,49,57,80,100,80,100,80,80,100,80,80,80,60,80,80,80,60,80,27,Ａ,生活態度も安定していて、何事もしっかりこなしていこうとする。走り出しはそれほどでもないが、いつまでも息切れせずに走り続けることができ、途中であきらめることなく、成し遂げるまで頑張ろうとする。また、自分でよく考えた上で決めたことは必ず実行し、自分の気分や周囲の状況の変化で予定を変更したりすることはあまりない。人の意見に対してもすぐに鵜呑みにするようなことは少なく、答えは自分で決めるといったところもある。精神状態は安定しているほうだといえ、どちらかといえば落ち着いているという雰囲気がある。そして、規則や常識を大切にし、社会通念に生きている常識家ともいえる。そのためか、物事の判断は型にはまりがちになることもある。また、明確な見通しがつくまで動かない慎重さも認められる。自分を抑える良さがあるといえるが、慎重になりすぎてユニークさに欠けてしまったり、失敗を意識しすぎて小さくまとまってしまったりすることがある。また、問題が起こると取り越し苦労するなど弱気な面もある。,76,59,51,76,74,64,49,60,56,65,66,0
61,在職,２０〜２５才,男,55,61,50,39,42,59,66,44,45,61,54,40,53,34,49,58,44,48,55,41,47,47,45,65,42,51,52,48,41,48,64,57,50,42,52,44,80,100,80,80,40,80,80,60,60,60,60,80,80,60,80,80,6,Ｃ,生活ぶりもキチンとしていて、几帳面な性格である。努力家であり、自分らしい事を地道に丹念に続けるタイプの人。一度手掛けたことは、納得がいくまでやり遂げようとする徹底性もみられる。いったん夢中になると、他のことが目に入らなくなることがある。また、常識や規則など社会通念を大切に考え、世間からズレた行動をとることは少なく、派手なことより、万事手堅く安全にという生き方をしている。また、物事の把握の仕方は、理論的に正しくないと信じないところがあるが、内面では非常におもしろいアイデアをもっている。しかし、それを表現する段階になると、「常識」を意識するあまり定型的になってしまう。また、自分でよく考えた上で決定したことは必ず実行し、気分や周囲の状況によって予定を変更することはない。そして、周囲への配慮や環境への意識というより、自己の内面世界に閉じ込もっている時間帯に、最高の幸せを感じる。しかし、外界の状況を完全に遮断するわけではなく、社会的な情報網は自分なりにもっている。,68,28,30,57,55,32,46,48,50,56,48,0
62,在職,２０〜２５才,男,30,61,42,36,50,50,48,41,50,47,49,43,53,30,55,50,55,52,61,50,62,43,49,50,54,54,55,44,45,55,50,54,61,59,60,54,80,100,80,80,100,80,100,60,100,60,60,80,80,80,60,100,0,Ｃ,独自の価値観や考えを大切にし、自己の中にある物差しの中で生きている。自分以外のことにはあまり興味がなく、他人との接触に対しても積極的とはいえない。交友関係などは面倒だと思い、進んで広げていくのは得意ではない。しかし、自分が付き合ってみようと決めた友人とは、深い交友関係を形成する。ときに、漂々とした生活を好み、つかみどころがないという印象を他人に与えてしまうことがある。そして、独自の尺度のなかで、主観的に物事を判断しようとする傾向がある。本来、身軽にテキパキと活動するよりも、じっと落ち着いて考え込むことを好んでいるが、かといって、自分と厳しく向かいあっているという感じでもない。また、安定した状況を好み、転地や転勤などの新しい環境への適応性があるとはいえない。ただ、しばらくすると順応性があったのかと錯覚をするほど、馴染んでしまうようになる。気分に周期性が見られ、調子に乗って仕事をしていたかと思うときと、気が向かないために何もしないときの波がハッキリしている。,49,50,44,48,47,43,47,54,55,45,51,0
63,在職,２０〜２５才,男,61,51,50,51,47,66,48,48,37,69,49,47,50,34,52,58,49,56,66,50,53,59,57,58,47,41,68,44,50,55,61,77,57,49,56,61,100,100,100,80,80,80,100,80,80,60,80,80,100,80,80,60,14,Ｂ,他の人がなんと言おうと自分で確信がもてるまで、決して行動には移さない慎重なところがある。軽はずみな行動は少なく、落ち着いた雰囲気と信頼感がある。また、努力を信条とし、何事も丹念に取り組んでいこうとする。出だしはそれほどでもないが、いつまでも持続させることができる。生活ぶりもキチンとしていて、物事は計画書を書いて実行するようなマメな人である。しかし、あくまでも一つのことに執着する頑固さではなく融通性も持っている。それほど規則や秩序を気にするわけでなく、状況に応じた判断ができる。世間の常識はわきまえていても、四角四面で固定的なものでなく、よき社会人として模範的な見方をされる。しかし、慎重であるがゆえ、問題が起こると必要以上に自分を責めることがある。その後は二度と同じ失敗をしないように考えすぎて、行動は控えめになることがある。もう少し、図太さがあり積極的にうってでるところがあると安心して見ていられるリーダーになる。しかし、手堅さや慎重さなど評価できる部分は多い。,67,60,50,68,67,56,51,57,57,53,55,0
64,在職,２０〜２５才,女,33,65,55,46,42,53,40,50,41,50,46,52,47,34,46,74,55,48,51,50,47,50,49,52,51,44,64,41,57,52,44,50,57,49,45,54,60,100,80,80,80,80,100,80,80,60,80,80,80,60,20,60,5,Ｄ,自分の世界を大事にして、外界のことに興味がうすい。他人と接触することが面倒であり、交友関係なども進んで持とうとはしない。審美的な生きかたをしていて、自分の信じる価値観のなかで生活している。交友関係は狭いが、つきあいはじめれば深くなる。自分もふくめて環境をあるがままに客観的にとらえようとする傾向がつよく、ものごとをキチンと把握しようとする。人情的にのめりこまず、冷たい印象を他人に与えることがあるが、自分自身について深く内省しているといえ、豊かな内面性をもつ。,42,39,42,50,36,49,43,55,54,53,54,0
65,退職,２０〜２５才,男,40,54,50,49,47,56,55,44,45,65,49,43,53,68,26,58,59,52,61,56,56,50,53,55,44,47,55,44,60,60,58,64,57,39,49,61,100,100,100,100,100,80,100,60,100,80,60,80,80,100,60,100,8,Ａ,他の人がなんと言おうと自分で確信がもてるまで、決して行動には移さない慎重なところがある。軽はずみな行動は少なく、落ち着いた雰囲気と信頼感がある。また、努力を信条とし、何事も丹念に取り組んでいこうとする。出だしはそれほどでもないが、いつまでも持続させることができる。生活ぶりもキチンとしていて、物事は計画書を書いて実行するようなマメな人である。しかし、あくまでも一つのことに執着する頑固さではなく融通性も持っている。それほど規則や秩序を気にするわけでなく、状況に応じた判断ができる。世間の常識はわきまえていても、四角四面で固定的なものでなく、よき社会人として模範的な見方をされる。しかし、慎重であるがゆえ、問題が起こると必要以上に自分を責めることがある。その後は二度と同じ失敗をしないように考えすぎて、行動は控えめになることがある。もう少し、図太さがあり積極的にうってでるところがあると安心して見ていられるリーダーになる。しかし、手堅さや慎重さなど評価できる部分は多い。,72,63,59,68,64,63,48,57,56,55,54,0
66,在職,２０〜２５才,男,87,38,47,61,47,53,36,48,45,61,37,33,63,38,43,62,55,56,51,59,53,55,61,46,47,38,60,41,54,46,41,35,68,49,49,64,80,100,80,80,100,100,100,60,60,60,60,60,60,60,80,100,11,Ｃ,行動的であり、思い付いたことは素早く実行する。環境への適応力があり、状況の変化にもたやすくついていける。やや思索性に欠けるきらいがあるが、実際的な活動には向いている。行動的ではあるが情緒的にも安定しており、一定のリズムをもって生活をしている。また、手掛けはじめたことを途中で放り出すような気分屋的な所はあまり見られない。やや感覚的といえるが、発想も思い付きばかりではない。筋道をたてた理詰めな考え方をすることができる。一方では、過信せず見通しがつくまで動かないという慎重さも本質のひとつである。思いやりがあり自分を抑えるよさがあるが、問題が起こるとあっさりと流してしまうときと、責任を一人で感じ、いつまでもとりこし苦労をしてしまう気弱な面とが交互にあらわれたりする。行動的なときはよいが、慎重すぎると自分のできることだけを内々に小さく表現しようとする傾向があり、失敗を恐れるあまり果敢にうってでることができない。しかし、病的な暗さはなく、手堅さは評価することができる。,45,55,47,57,54,63,53,58,58,51,60,0
67,退職,２０〜２５才,女,53,51,42,49,38,56,32,48,27,57,51,40,50,34,43,74,50,48,66,47,53,50,53,50,54,44,64,44,57,52,38,47,68,46,56,54,80,100,100,80,60,80,100,80,60,60,60,60,80,60,60,40,15,Ｃ,他の人がなんと言おうと自分で確信がもてるまで、決して行動には移さない慎重なところがある。軽はずみな行動は少なく、落ち着いた雰囲気と信頼感がある。また、努力を信条とし、何事も丹念に取り組んでいこうとする。出だしはそれほどでもないが、いつまでも持続させることができる。生活ぶりもキチンとしていて、物事は計画書を書いて実行するようなマメな人である。しかし、あくまでも一つのことに執着する頑固さではなく融通性も持っている。それほど規則や秩序を気にするわけでなく、状況に応じた判断ができる。世間の常識はわきまえていても、四角四面で固定的なものでなく、よき社会人として模範的な見方をされる。しかし、慎重であるがゆえ、問題が起こると必要以上に自分を責めることがある。その後は二度と同じ失敗をしないように考えすぎて、行動は控えめになることがある。もう少し、図太さがあり積極的にうってでるところがあると安心して見ていられるリーダーになる。しかし、手堅さや慎重さなど評価できる部分は多い。,54,41,40,56,45,46,49,57,57,53,57,0
68,在職,２０〜２５才,男,48,51,59,51,42,48,55,48,50,78,51,50,47,50,46,53,49,61,55,47,62,43,57,50,50,62,60,48,41,55,55,57,50,49,60,64,80,100,80,60,60,100,80,80,80,80,40,100,80,60,40,80,5,Ｂ,あくまでも先が見えるまで動かず、容易な決断はしないような慎重さが身上といえる。自分の感情を抑え、人にもやさしいといえるが、問題が起こると自罰的になったり、過去の失敗をいつまでも悩んだりする傾向がみられる。また、何をやらせても着実で手堅い人である。慎重すぎるせいか、発想は着実であり非常にユニークなアイデアや意見をもっているが、大胆な行動などはあまりとらないため、できることだけを小さくまとめて控えめに表現することがある。遠慮がちであり、もう少し視野を広げ、図太さなどがそなわると良い特性が引き出せる。また、どちらかといえば、たくさんの人が集まるところでは、自分から積極的に話しかける社交家ではないが、社会へ関心はあり、情報を収集するアンテナはしっかりと張りめぐらせている。物事を客観的にとらえようとする傾向がつよく、キチンと把握しようとする姿勢がみられる。あまり人情的にのめりこまないため冷たい印象を与えがちだが、豊かな内面性の持ち主で、自分自身を深く内省している。,63,53,49,61,66,56,48,55,50,48,50,0
69,在職,２６〜３０才,男,86,45,47,61,47,63,51,44,45,61,37,52,53,46,35,58,59,61,55,56,53,52,53,55,50,36,64,48,51,57,55,54,61,46,49,69,80,80,80,80,60,60,80,60,80,60,40,60,40,60,60,80,11,Ｂ,努力を信条とし、目標に向けて一生懸命に励む性格である。手掛けた事は丁寧に処理しキチンとしている。途中であきらめてしまうことは少なく、物事には粘り強く取り組んでいく忍耐力もある。見方によっては、それが執念深さとしてうつることもある。そして、独自の価値観にそった判断をしているが、発想は堅苦しいものばかりではなく、ユニークさも持ちあわせている。自分の考えはあらかじめ用意しているが、いろいろな計画を立てるときは、自分だけの勝手な判断で決定するのではなく、他人の意見も取入れながら考えていこうとする。また、身が軽く体を動かして物事を解決していくところもある。だからといって、思いついたら何も考えずに即実行といった軽薄さや、気分で行動したりすることは少ないため大きな失敗はあまりない。新しい環境の変化にもそれほど時間をかけずに適応することができる。場や雰囲気にのまれることなく、精神的にも安定している。まれに感情的になってしまうこともあるが、人情もろくてお人好しな性格である。,66,62,56,65,66,67,53,60,60,53,57,0
70,在職,２０〜２５才,女,51,48,50,46,50,50,44,53,45,42,42,47,50,42,32,70,62,52,51,67,59,52,57,50,54,44,71,54,71,70,47,64,65,46,56,61,80,100,100,80,80,80,100,80,100,80,60,80,80,80,60,100,2,Ｃ,積極性があり、競合する条件では実力以上の成果をあげることがある。じっくりと物事を考えてから実行に移し、その行動には自信をもっているため、何か問題が起きたり、失敗したりすると、責任を人に転嫁するといった他罰的傾向も見られる。しかし、他人との協調性がないとはいえず、周囲に対する気遣いもある。確かに、実力を発揮することができる要素を持ち、現実にそうであるとしても、自分だけが頑張っていて苦労していることを強調するような独善性はあまりない。世慣れた面がみられ、対外的にはわりと頼りになる人だといえる。そうした反面、周囲のことや社会への関心はあるが、それよりも自己の内面世界に関心があり、独自の考え方や価値観を形成させている。また、ものの見方は客観的であり、他人の意見や感情、場の雰囲気などに流されることなく、キチンと把握しようとしている。発想は着実なものが多いが、時として非常にユニークで突拍子もないアイデアを出すこともあり、豊かな内面性の持ち主で自己をよく内省している。,42,57,52,50,47,55,52,64,57,49,59,0
71,退職,２０〜２５才,男,29,54,50,46,50,59,40,48,50,61,49,43,57,42,49,50,52,44,61,50,50,52,45,46,51,50,64,44,51,52,50,54,57,52,49,52,80,100,80,60,80,100,80,80,60,60,80,80,100,80,80,80,3,Ｃ,他の人がなんと言おうと自分で確信がもてるまで、決して行動には移さない慎重なところがある。軽はずみな行動は少なく、落ち着いた雰囲気と信頼感がある。また、努力を信条とし、何事も丹念に取り組んでいこうとする。出だしはそれほどでもないが、いつまでも持続させることができる。生活ぶりもキチンとしていて、物事は計画書を書いて実行するようなマメな人である。しかし、あくまでも一つのことに執着する頑固さではなく融通性も持っている。それほど規則や秩序を気にするわけでなく、状況に応じた判断ができる。世間の常識はわきまえていても、四角四面で固定的なものでなく、よき社会人として模範的な見方をされる。しかし、慎重であるがゆえ、問題が起こると必要以上に自分を責めることがある。その後は二度と同じ失敗をしないように考えすぎて、行動は控えめになることがある。もう少し、図太さがあり積極的にうってでるところがあると安心して見ていられるリーダーになる。しかし、手堅さや慎重さなど評価できる部分は多い。,51,43,40,53,49,49,47,54,56,48,50,0
72,在職,２０〜２５才,女,36,58,63,51,42,75,55,50,45,65,42,40,70,68,29,50,62,56,66,59,53,55,53,43,51,38,64,48,47,55,74,64,68,52,56,64,80,100,80,80,100,100,100,60,80,80,60,80,80,80,20,80,14,Ａ,生活態度も安定していて、何事もしっかりこなしていこうとする。走り出しはそれほどでもないが、いつまでも息切れせずに走り続けることができ、途中であきらめることなく、成し遂げるまで頑張ろうとする。また、自分でよく考えた上で決めたことは必ず実行し、自分の気分や周囲の状況の変化で予定を変更したりすることはあまりない。人の意見に対してもすぐに鵜呑みにするようなことは少なく、答えは自分で決めるといったところもある。精神状態は安定しているほうだといえ、どちらかといえば落ち着いているという雰囲気がある。そして、規則や常識を大切にし、社会通念に生きている常識家ともいえる。そのためか、物事の判断は型にはまりがちになることもある。また、明確な見通しがつくまで動かない慎重さも認められる。自分を抑える良さがあるといえるが、慎重になりすぎてユニークさに欠けてしまったり、失敗を意識しすぎて小さくまとまってしまったりすることがある。また、問題が起こると取り越し苦労するなど弱気な面もある。,72,67,57,74,66,69,47,61,65,47,60,0